{
  "config": {
    "total_periods": 5000,
    "train_steps": 10000,
    "seed": 42
  },
  "synergy_gain_pct": 98.56994862407699,
  "experiments": {
    "baseline": {
      "name": "Baseline (理性决策)",
      "bwe": {
        "1": 11.21453614772992,
        "2": 13.351136650004948,
        "3": 63.53085423691648,
        "4": 499.4046376371633
      },
      "avg_cost": {
        "1": 39.60029670279823,
        "2": 187.20363945807802,
        "3": 699.1621642672492,
        "4": 1944.512950192557
      },
      "sl": {
        "1": 0.00029292132156169917,
        "2": 0.9989342736082606,
        "3": 0.998842184688986,
        "4": 0.9987802927853303
      },
      "total_cost": 2870.4790506206823,
      "emotion_variance": {
        "1": 0.0,
        "2": 0.0,
        "3": 0.0,
        "4": 0.0
      },
      "recovery_time": 0,
      "contagion_count": 0
    },
    "exp1": {
      "name": "Exp_1 (分销商IDMR)",
      "bwe": {
        "1": 4.127146101464443,
        "2": 15.576138060338632,
        "3": 10.861154489804706,
        "4": 16.069268334079748
      },
      "avg_cost": {
        "1": 9.819216853744884,
        "2": 9.769759169967164,
        "3": 7.3145,
        "4": 7.306293470256243
      },
      "sl": {
        "1": 0.9893465513880346,
        "2": 0.9971707686522779,
        "3": 0.8881606824160783,
        "4": 1.0
      },
      "total_cost": 34.209769493968295,
      "emotion_variance": {
        "1": 0.0,
        "2": 0.0,
        "3": 0.0,
        "4": 0.0
      },
      "recovery_time": 0,
      "contagion_count": 0
    },
    "exp2": {
      "name": "Exp_2 (多智能体+情绪+协同)",
      "bwe": {
        "1": 3.548101486876694,
        "2": 6.914580839683482,
        "3": 8.323816033474998,
        "4": 8.709056260642567
      },
      "avg_cost": {
        "1": 10.642925158982688,
        "2": 10.1332,
        "3": 10.0648,
        "4": 10.2084
      },
      "sl": {
        "1": 0.9884620138531289,
        "2": 0.9978729152984164,
        "3": 0.9989614661654134,
        "4": 0.9968618652022213
      },
      "total_cost": 41.04932515898268,
      "emotion_variance": {
        "1": 0.3543820334214456,
        "2": 0.16992213784067486,
        "3": 0.10170324270348757,
        "4": 0.0918156379329922
      },
      "recovery_time": 0,
      "contagion_count": 30
    }
  }
}