{
  "config": {
    "seed": 42,
    "task1": {
      "rho": 0.5,
      "sigma_eps": 5.0,
      "name": "平稳需求"
    },
    "task2": {
      "rho": -0.5,
      "sigma_eps": 20.0,
      "name": "反向剧烈波动需求"
    },
    "task1_steps": 15000,
    "task2_steps": 3000,
    "eval_steps": 200,
    "ewc_lambda": 2000.0,
    "ewc_n_samples": 500,
    "emotion_noise_std": 0.15
  },
  "summary": {
    "bwe_distributor": {
      "A_无EWC无噪声": {
        "before": 9.556688194886723,
        "after": 4.344922503918894,
        "change": -5.211765690967829
      },
      "B_有EWC无噪声": {
        "before": 9.556688194886723,
        "after": 4.518230164074776,
        "change": -5.038458030811947
      },
      "C_有EWC有噪声": {
        "before": 9.459326673835637,
        "after": 4.372737668404343,
        "change": -5.086589005431294
      }
    },
    "service_level": {
      "A_无EWC无噪声": {
        "before": 0.9087666564059653,
        "after": 0.9098126369857628,
        "change": 0.0010459805797974342
      },
      "B_有EWC无噪声": {
        "before": 0.9087666564059653,
        "after": 0.9229665304254598,
        "change": 0.014199874019494518
      },
      "C_有EWC有噪声": {
        "before": 0.9130071208902509,
        "after": 0.9004029514685117,
        "change": -0.012604169421739253
      }
    },
    "avg_reward": {
      "A_无EWC无噪声": {
        "before": 0.7632033680188407,
        "after": 0.7667888876965674,
        "change": 0.0035855196777266896
      },
      "B_有EWC无噪声": {
        "before": 0.7632033680188407,
        "after": 0.8199102915679461,
        "change": 0.05670692354910545
      },
      "C_有EWC有噪声": {
        "before": 0.790537554409897,
        "after": 0.7435493261676456,
        "change": -0.04698822824225146
      }
    }
  },
  "forgetting": {
    "A_无EWC无噪声": {
      "bwe_change": -5.211765690967829,
      "sl_change": 0.0010459805797974342,
      "reward_change": 0.0035855196777266896,
      "bwe_forgetting_rate": -0.5453526979938896
    },
    "B_有EWC无噪声": {
      "bwe_change": -5.038458030811947,
      "sl_change": 0.014199874019494518,
      "reward_change": 0.05670692354910545,
      "bwe_forgetting_rate": -0.5272179993805551
    },
    "C_有EWC有噪声": {
      "bwe_change": -5.086589005431294,
      "sl_change": -0.012604169421739253,
      "reward_change": -0.04698822824225146,
      "bwe_forgetting_rate": -0.5377326717662396
    }
  },
  "perception_stats": {
    "A_无EWC无噪声": {},
    "B_有EWC无噪声": {},
    "C_有EWC有噪声": {
      "error_mean": 0.007210218074374131,
      "error_std": 0.14181106584543077,
      "error_mae": 0.11264716641415408,
      "n_samples": 37400
    }
  },
  "ewc_stats": {
    "A_无EWC无噪声": null,
    "B_有EWC无噪声": {
      "consolidated": true,
      "lambda_reg": 2000.0,
      "fisher_norms": {
        "W1": 472.0042254614798,
        "b1": 600.0313731099085,
        "W2": 21.783246286334727,
        "b2": 1.667984261999396,
        "W3": 1600.504559671373,
        "b3": 0.5507376871070291
      },
      "total_fisher_norm": 2696.542126478202,
      "fisher_max": {
        "W1": 115.29030038148578,
        "b1": 225.62417316274292,
        "W2": 2.842495555048335,
        "b2": 0.5751637882868844,
        "W3": 456.8511342488167,
        "b3": 0.528
      }
    },
    "C_有EWC有噪声": {
      "consolidated": true,
      "lambda_reg": 2000.0,
      "fisher_norms": {
        "W1": 120.31976378027733,
        "b1": 154.48112323058575,
        "W2": 17.61703977019947,
        "b2": 1.4388517180459146,
        "W3": 576.660970970157,
        "b3": 0.5225246405673134
      },
      "total_fisher_norm": 871.0402741098328,
      "fisher_max": {
        "W1": 30.14195012503003,
        "b1": 63.21297275618271,
        "W2": 5.248085057123711,
        "b2": 0.8824620074354455,
        "W3": 374.40861327103295,
        "b3": 0.496
      }
    }
  }
}