{
  "traditional_metrics": {
    "baseline": {
      "name": "Baseline (理性决策)",
      "bwe_per_node": {
        "零售商": 11.21453614772992,
        "批发商": 13.351136650004948,
        "分销商": 63.53085423691648,
        "制造商": 499.4046376371633
      },
      "avg_bwe": 146.87529116795366,
      "avg_cost_per_node": {
        "零售商": 39.60029670279823,
        "批发商": 187.20363945807802,
        "分销商": 699.1621642672492,
        "制造商": 1944.512950192557
      },
      "total_cost": 2870.4790506206823,
      "sl_per_node": {
        "零售商": 0.00029292132156169917,
        "批发商": 0.9989342736082606,
        "分销商": 0.998842184688986,
        "制造商": 0.9987802927853303
      },
      "avg_sl": 0.7492124181010347
    },
    "exp1": {
      "name": "Exp_1 (分销商IDMR)",
      "bwe_per_node": {
        "零售商": 4.127146101464443,
        "批发商": 15.576138060338632,
        "分销商": 10.861154489804706,
        "制造商": 16.069268334079748
      },
      "avg_bwe": 11.658426746421881,
      "avg_cost_per_node": {
        "零售商": 9.819216853744884,
        "批发商": 9.769759169967164,
        "分销商": 7.3145,
        "制造商": 7.306293470256243
      },
      "total_cost": 34.209769493968295,
      "sl_per_node": {
        "零售商": 0.9893465513880346,
        "批发商": 0.9971707686522779,
        "分销商": 0.8881606824160783,
        "制造商": 1.0
      },
      "avg_sl": 0.9686695006140977
    },
    "exp2": {
      "name": "Exp_2 (多智能体+情绪+协同)",
      "bwe_per_node": {
        "零售商": 3.548101486876694,
        "批发商": 6.914580839683482,
        "分销商": 8.323816033474998,
        "制造商": 8.709056260642567
      },
      "avg_bwe": 6.873888655169436,
      "avg_cost_per_node": {
        "零售商": 10.642925158982688,
        "批发商": 10.1332,
        "分销商": 10.0648,
        "制造商": 10.2084
      },
      "total_cost": 41.04932515898268,
      "sl_per_node": {
        "零售商": 0.9884620138531289,
        "批发商": 0.9978729152984164,
        "分销商": 0.9989614661654134,
        "制造商": 0.9968618652022213
      },
      "avg_sl": 0.995539565129795
    }
  },
  "loss_aversion": {
    "per_node": {
      "零售商": {
        "avg_q_actual": 19.237,
        "avg_q_optimal": 19.57315607375779,
        "mae": 8.851903949971613,
        "loss_aversion_ratio": 0.45224714484546397,
        "over_order_ratio": 0.479
      },
      "批发商": {
        "avg_q_actual": 19.1465,
        "avg_q_optimal": 19.237,
        "mae": 12.4205,
        "loss_aversion_ratio": 0.645656807194469,
        "over_order_ratio": 0.392
      },
      "分销商": {
        "avg_q_actual": 19.1945,
        "avg_q_optimal": 19.1465,
        "mae": 12.287,
        "loss_aversion_ratio": 0.641736087535581,
        "over_order_ratio": 0.27
      },
      "制造商": {
        "avg_q_actual": 19.98,
        "avg_q_optimal": 19.1945,
        "mae": 12.2185,
        "loss_aversion_ratio": 0.6365625569824689,
        "over_order_ratio": 0.248
      }
    },
    "system_avg_loss_aversion": 0.5940506491394957,
    "system_avg_over_order_ratio": 0.34725
  },
  "recovery_time": {
    "n_demand_shock_events": 53,
    "n_supply_disruption_events": 23,
    "n_total_events": 76,
    "recovery_time_demand_shock": {
      "mean": 30.0,
      "std": 0.0,
      "max": 30.0,
      "min": 30.0
    },
    "recovery_time_supply_disruption": {
      "mean": 29.82608695652174,
      "std": 0.8157244799692921,
      "max": 30.0,
      "min": 26.0
    },
    "overall_recovery_time": {
      "mean": 29.94736842105263,
      "std": 0.455802844097073
    }
  },
  "emotion_health": {
    "total_samples": 8000,
    "state_distribution": {
      "极端恐慌 (E<-0.5)": 0.728875,
      "焦虑 (-0.5≤E<-0.1)": 0.09325,
      "中性 (-0.1≤E≤0.1)": 0.040125,
      "自信 (0.1<E≤0.5)": 0.06375,
      "过度乐观 (E>0.5)": 0.074
    },
    "extreme_state_ratio": 0.802875,
    "emotion_health_score": 19.7125,
    "emotion_volatility": 0.48657168943379314,
    "per_node": {
      "零售商": {
        "extreme_panic_ratio": 0.402,
        "extreme_optimism_ratio": 0.213,
        "mean_emotion": -0.13088544279302392,
        "std_emotion": 0.6019555679698181
      },
      "批发商": {
        "extreme_panic_ratio": 0.8165,
        "extreme_optimism_ratio": 0.0445,
        "mean_emotion": -0.6283523774595379,
        "std_emotion": 0.41468024267450576
      },
      "分销商": {
        "extreme_panic_ratio": 0.8875,
        "extreme_optimism_ratio": 0.019,
        "mean_emotion": -0.7078466020255043,
        "std_emotion": 0.3015332998862192
      },
      "制造商": {
        "extreme_panic_ratio": 0.8095,
        "extreme_optimism_ratio": 0.0195,
        "mean_emotion": -0.6517432901924123,
        "std_emotion": 0.32612785299365893
      }
    }
  }
}