{
  "name": "Exp_1b (单智能体IDMR+情绪, 无协同)",
  "bwe": {
    "1": 4.02448531969812,
    "2": 15.670422332834441,
    "3": 10.5086492722064,
    "4": 22.781551926864207
  },
  "avg_cost": {
    "1": 31.84043683207735,
    "2": 100.3757289942638,
    "3": 315.6884961483542,
    "4": 187.05182671460423
  },
  "sl": {
    "1": 0.9895600806110201,
    "2": 0.9975205034031882,
    "3": 0.9999302522137963,
    "4": 0.9973530693163689
  },
  "total_cost": 634.9564886892996,
  "demand_mean": {
    "1": 20.1747189219207,
    "2": 19.896525446869223,
    "3": 19.800518467614257,
    "4": 19.7941
  },
  "order_mean": {
    "1": 19.896525446869223,
    "2": 19.800518467614257,
    "3": 19.7941,
    "4": 19.699416928468818
  },
  "emotion_variance": {
    "1": 0.0,
    "2": 0.0,
    "3": 0.03054099032544525,
    "4": 0.0
  },
  "emotion_stats_distributor": {
    "mean": -0.7780813180838269,
    "std": 0.174759807522912,
    "min": -0.8354860535290928,
    "max": 0.9151607295426342,
    "panic_ratio": 0.959,
    "anxiety_ratio": 0.02785,
    "neutral_ratio": 0.00685,
    "confident_ratio": 0.00265,
    "optimistic_ratio": 0.00365
  },
  "overorder_ratio": {
    "1": 0.47485,
    "2": 0.4138,
    "3": 0.517,
    "4": 0.36795
  },
  "var_D": 33.73288003126703,
  "config": {
    "enable_emotion": true,
    "enable_inventory_bonus": true,
    "enable_coordination": false,
    "dynamic_events": false,
    "penalty_threshold": 1.0,
    "train_steps": 10000,
    "eval_periods": 20000,
    "emotion_alpha": 0.7,
    "emotion_gamma": 2.0
  }
}