{
  "name": "Exp_2 (多智能体+情绪+协同)",
  "bwe": {
    "1": 3.7728854034010006,
    "2": 8.158528299607696,
    "3": 9.811723718166661,
    "4": 10.065908400640897
  },
  "avg_cost": {
    "1": 40.688777973175796,
    "2": 94.36805,
    "3": 151.8378,
    "4": 171.4434
  },
  "sl": {
    "1": 0.8275990116318015,
    "2": 0.9690395804370102,
    "3": 0.9956318072713897,
    "4": 0.9971369556277058
  },
  "total_cost": 458.33802797317577,
  "demand_mean": {
    "1": 20.069006691894497,
    "2": 19.793,
    "3": 19.7333,
    "4": 19.7247
  },
  "order_mean": {
    "1": 19.793,
    "2": 19.7333,
    "3": 19.7247,
    "4": 19.851
  },
  "emotion_variance": {
    "1": 0.3507077575983647,
    "2": 0.14355134881944445,
    "3": 0.06337729984520284,
    "4": 0.04860964808159905
  },
  "recovery_time": 0,
  "contagion_count": 103,
  "event_count": 0,
  "var_D": 35.035506480224456
}