{
  "config": {
    "total_periods": 20000,
    "seed": 42
  },
  "baseline": {
    "name": "理性决策",
    "periods": 20000,
    "bwe": {
      "1": 4.05,
      "2": 16.25,
      "3": 67.33,
      "4": 301.75
    },
    "avg_cost": {
      "1": 32.22,
      "2": 102.32,
      "3": 317.34,
      "4": 1212.92
    },
    "sl": {
      "1": 0.9892,
      "2": 0.997,
      "3": 0.9976,
      "4": 0.9981
    },
    "demand_mean": {
      "1": 20.05,
      "2": 19.77,
      "3": 19.66,
      "4": 19.48
    },
    "order_mean": {
      "1": 19.77,
      "2": 19.66,
      "3": 19.48,
      "4": 19.17
    },
    "total_cost": 1664.8,
    "var_D": 33.98
  },
  "exp1": {
    "name": "智慧决策",
    "periods": 20000,
    "bwe": {
      "1": 4.01,
      "2": 15.78,
      "3": 10.65,
      "4": 22.7
    },
    "avg_cost": {
      "1": 9.94,
      "2": 9.89,
      "3": 9.88,
      "4": 9.83
    },
    "sl": {
      "1": 0.9898,
      "2": 0.9976,
      "3": 1.0,
      "4": 0.9975
    },
    "demand_mean": {
      "1": 20.17,
      "2": 19.87,
      "3": 19.77,
      "4": 19.76
    },
    "order_mean": {
      "1": 19.87,
      "2": 19.77,
      "3": 19.76,
      "4": 19.66
    },
    "total_cost": 39.54,
    "var_D": 33.73
  },
  "exp2": {
    "name": "Exp_2 (多智能体+情绪+协同)",
    "bwe": {
      "1": 3.7728854034010006,
      "2": 8.158528299607696,
      "3": 9.811723718166661,
      "4": 10.065908400640897
    },
    "avg_cost": {
      "1": 40.688777973175796,
      "2": 94.36805,
      "3": 151.8378,
      "4": 171.4434
    },
    "sl": {
      "1": 0.8275990116318015,
      "2": 0.9690395804370102,
      "3": 0.9956318072713897,
      "4": 0.9971369556277058
    },
    "total_cost": 458.33802797317577,
    "demand_mean": {
      "1": 20.069006691894497,
      "2": 19.793,
      "3": 19.7333,
      "4": 19.7247
    },
    "order_mean": {
      "1": 19.793,
      "2": 19.7333,
      "3": 19.7247,
      "4": 19.851
    },
    "emotion_variance": {
      "1": 0.3507077575983647,
      "2": 0.14355134881944445,
      "3": 0.06337729984520284,
      "4": 0.04860964808159905
    },
    "recovery_time": 0,
    "contagion_count": 103,
    "event_count": 0,
    "var_D": 35.035506480224456
  }
}