{
  "config": {
    "total_periods": 20000,
    "seed": 42,
    "experiment_groups": {
      "baseline": "纯理性决策（无情绪、无协同）",
      "exp1": "单智能体IDMR（无情绪、无协同）",
      "exp1b": "单智能体IDMR + 情绪机制（无协同）",
      "exp2": "多智能体 + 情绪机制 + 协同通信"
    },
    "ablation_logic": {
      "emotion_effect": "Exp_1 vs Exp_1b: 隔离情绪机制独立效应",
      "coordination_effect": "Exp_1b vs Exp_2: 隔离协同通信独立效应",
      "joint_effect": "Exp_1 vs Exp_2: 情绪+协同联合效应"
    }
  },
  "baseline": {
    "name": "理性决策",
    "periods": 20000,
    "bwe": {
      "1": 4.05,
      "2": 16.25,
      "3": 67.33,
      "4": 301.75
    },
    "avg_cost": {
      "1": 32.22,
      "2": 102.32,
      "3": 317.34,
      "4": 1212.92
    },
    "sl": {
      "1": 0.9892,
      "2": 0.997,
      "3": 0.9976,
      "4": 0.9981
    },
    "demand_mean": {
      "1": 20.05,
      "2": 19.77,
      "3": 19.66,
      "4": 19.48
    },
    "order_mean": {
      "1": 19.77,
      "2": 19.66,
      "3": 19.48,
      "4": 19.17
    },
    "total_cost": 1664.8,
    "var_D": 33.98
  },
  "exp1": {
    "name": "智慧决策",
    "periods": 20000,
    "bwe": {
      "1": 4.01,
      "2": 15.78,
      "3": 10.65,
      "4": 22.7
    },
    "avg_cost": {
      "1": 9.94,
      "2": 9.89,
      "3": 9.88,
      "4": 9.83
    },
    "sl": {
      "1": 0.9898,
      "2": 0.9976,
      "3": 1.0,
      "4": 0.9975
    },
    "demand_mean": {
      "1": 20.17,
      "2": 19.87,
      "3": 19.77,
      "4": 19.76
    },
    "order_mean": {
      "1": 19.87,
      "2": 19.77,
      "3": 19.76,
      "4": 19.66
    },
    "total_cost": 39.54,
    "var_D": 33.73
  },
  "exp1b": {
    "name": "Exp_1b (单智能体IDMR+情绪, 无协同)",
    "bwe": {
      "1": 4.02448531969812,
      "2": 15.670422332834441,
      "3": 10.5086492722064,
      "4": 22.781551926864207
    },
    "avg_cost": {
      "1": 31.84043683207735,
      "2": 100.3757289942638,
      "3": 315.6884961483542,
      "4": 187.05182671460423
    },
    "sl": {
      "1": 0.9895600806110201,
      "2": 0.9975205034031882,
      "3": 0.9999302522137963,
      "4": 0.9973530693163689
    },
    "total_cost": 634.9564886892996,
    "demand_mean": {
      "1": 20.1747189219207,
      "2": 19.896525446869223,
      "3": 19.800518467614257,
      "4": 19.7941
    },
    "order_mean": {
      "1": 19.896525446869223,
      "2": 19.800518467614257,
      "3": 19.7941,
      "4": 19.699416928468818
    },
    "emotion_variance": {
      "1": 0.0,
      "2": 0.0,
      "3": 0.03054099032544525,
      "4": 0.0
    },
    "emotion_stats_distributor": {
      "mean": -0.7780813180838269,
      "std": 0.174759807522912,
      "min": -0.8354860535290928,
      "max": 0.9151607295426342,
      "panic_ratio": 0.959,
      "anxiety_ratio": 0.02785,
      "neutral_ratio": 0.00685,
      "confident_ratio": 0.00265,
      "optimistic_ratio": 0.00365
    },
    "overorder_ratio": {
      "1": 0.47485,
      "2": 0.4138,
      "3": 0.517,
      "4": 0.36795
    },
    "var_D": 33.73288003126703,
    "config": {
      "enable_emotion": true,
      "enable_inventory_bonus": true,
      "enable_coordination": false,
      "dynamic_events": false,
      "penalty_threshold": 1.0,
      "train_steps": 10000,
      "eval_periods": 20000,
      "emotion_alpha": 0.7,
      "emotion_gamma": 2.0
    }
  },
  "exp2": {
    "name": "Exp_2 (多智能体+情绪+协同)",
    "bwe": {
      "1": 3.7728854034010006,
      "2": 8.158528299607696,
      "3": 9.811723718166661,
      "4": 10.065908400640897
    },
    "avg_cost": {
      "1": 40.688777973175796,
      "2": 94.36805,
      "3": 151.8378,
      "4": 171.4434
    },
    "sl": {
      "1": 0.8275990116318015,
      "2": 0.9690395804370102,
      "3": 0.9956318072713897,
      "4": 0.9971369556277058
    },
    "total_cost": 458.33802797317577,
    "demand_mean": {
      "1": 20.069006691894497,
      "2": 19.793,
      "3": 19.7333,
      "4": 19.7247
    },
    "order_mean": {
      "1": 19.793,
      "2": 19.7333,
      "3": 19.7247,
      "4": 19.851
    },
    "emotion_variance": {
      "1": 0.3507077575983647,
      "2": 0.14355134881944445,
      "3": 0.06337729984520284,
      "4": 0.04860964808159905
    },
    "recovery_time": 0,
    "contagion_count": 103,
    "event_count": 0,
    "var_D": 35.035506480224456
  }
}