{
  "config": {
    "total_periods": 5000,
    "eval_window": 1000,
    "train_steps": 10000,
    "seed": 42,
    "initial_inventory": 40.0,
    "p0_modifications": [
      "P0-1: 统一评估窗口（最后1000步）",
      "P0-2: 补充消融实验（Exp_2a/b/c）",
      "P0-3: 修复Baseline病态（initial_inventory=40）",
      "P0-4: 参数敏感性分析（4参数×3水平）",
      "P0-5: 图表实体化（PDF/SVG矢量格式）"
    ]
  },
  "experiments": {
    "baseline": {
      "name": "Baseline-P0 (理性决策, 初始库存=40.0)",
      "bwe": {
        "1": 4.203086038659032,
        "2": 16.30578852138869,
        "3": 68.61305989465659,
        "4": 252.34542042991302
      },
      "avg_cost": {
        "1": 32.345465127513314,
        "2": 102.730014709535,
        "3": 307.32376063736723,
        "4": 1192.0146908306908
      },
      "sl": {
        "1": 0.9892660611513352,
        "2": 0.9974294685604131,
        "3": 0.997616657824709,
        "4": 0.9992514256703176
      },
      "total_cost": 1634.4139313051064,
      "emotion_variance": {
        "1": 0.0,
        "2": 0.0,
        "3": 0.0,
        "4": 0.0
      },
      "eval_window": "最后1000步"
    },
    "exp1": {
      "name": "Exp_1 (分销商IDMR) - P0统一窗口",
      "bwe": {
        "1": 3.768387766219725,
        "2": 13.875695977924181,
        "3": 10.976017688684436,
        "4": 15.874602328703228
      },
      "avg_cost": {
        "1": 9.819216853744884,
        "2": 9.769759169967164,
        "3": 7.3145,
        "4": 7.306293470256243
      },
      "sl": {
        "1": 0.9893465513880346,
        "2": 0.9971707686522779,
        "3": 0.8881606824160783,
        "4": 1.0
      },
      "total_cost": 34.209769493968295,
      "emotion_variance": {
        "1": 0.0,
        "2": 0.0,
        "3": 0.0,
        "4": 0.0
      },
      "eval_window": "最后1000步"
    },
    "exp2": {
      "name": "Exp_2 (完整版)",
      "bwe": {
        "1": 3.7004776086759166,
        "2": 7.187109322651102,
        "3": 8.697604260697803,
        "4": 9.100394495273928
      },
      "avg_cost": {
        "1": 33.425623596560804,
        "2": 90.56,
        "3": 134.454,
        "4": 142.499
      },
      "sl": {
        "1": 0.9887929216379646,
        "2": 0.999625,
        "3": 0.9994776315789473,
        "4": 0.99405
      },
      "total_cost": 400.9386235965608,
      "emotion_variance": {
        "1": 0.3543820334214456,
        "2": 0.16992213784067486,
        "3": 0.10170324270348757,
        "4": 0.0918156379329922
      },
      "eval_window": "最后1000步"
    }
  }
}