{
  "exp2a": {
    "name": "Exp_2a (仅情绪)",
    "config": "emotion=ON, collab=OFF, events=OFF",
    "bwe": {
      "1": 3.81968050063359,
      "2": 7.841924903863474,
      "3": 10.085002166026463,
      "4": 10.406727506247899
    },
    "avg_cost": {
      "1": 31.26817358226585,
      "2": 86.191,
      "3": 132.257,
      "4": 156.641
    },
    "sl": {
      "1": 0.9886194616065316,
      "2": 0.9992000000000001,
      "3": 1.0,
      "4": 0.9989594827586207
    },
    "total_cost": 406.3571735822659,
    "emotion_variance": {
      "1": 0.3495097117204798,
      "2": 0.17198628442594877,
      "3": 0.1066888877551331,
      "4": 0.07680412503963914
    }
  },
  "exp2b": {
    "name": "Exp_2b (仅协同)",
    "config": "emotion=OFF, collab=ON, events=OFF",
    "bwe": {
      "1": 3.81968050063359,
      "2": 7.841924903863474,
      "3": 10.085002166026463,
      "4": 10.406727506247899
    },
    "avg_cost": {
      "1": 31.26817358226585,
      "2": 86.191,
      "3": 132.257,
      "4": 156.641
    },
    "sl": {
      "1": 0.9886194616065316,
      "2": 0.9992000000000001,
      "3": 1.0,
      "4": 0.9989594827586207
    },
    "total_cost": 406.3571735822659,
    "emotion_variance": {
      "1": 0.0,
      "2": 0.0,
      "3": 0.0,
      "4": 0.0
    }
  },
  "exp2c": {
    "name": "Exp_2c (情绪+协同)",
    "config": "emotion=ON, collab=ON, events=OFF",
    "bwe": {
      "1": 3.81968050063359,
      "2": 7.841924903863474,
      "3": 10.085002166026463,
      "4": 10.406727506247899
    },
    "avg_cost": {
      "1": 31.26817358226585,
      "2": 86.191,
      "3": 132.257,
      "4": 156.641
    },
    "sl": {
      "1": 0.9886194616065316,
      "2": 0.9992000000000001,
      "3": 1.0,
      "4": 0.9989594827586207
    },
    "total_cost": 406.3571735822659,
    "emotion_variance": {
      "1": 0.3495097117204798,
      "2": 0.17198628442594877,
      "3": 0.1066888877551331,
      "4": 0.07680412503963914
    }
  },
  "exp2": {
    "name": "Exp_2 (完整版)",
    "config": "emotion=ON, collab=ON, events=ON",
    "bwe": {
      "1": 3.7004776086759166,
      "2": 7.187109322651102,
      "3": 8.697604260697803,
      "4": 9.100394495273928
    },
    "avg_cost": {
      "1": 33.425623596560804,
      "2": 90.56,
      "3": 134.454,
      "4": 142.499
    },
    "sl": {
      "1": 0.9887929216379646,
      "2": 0.999625,
      "3": 0.9994776315789473,
      "4": 0.99405
    },
    "total_cost": 400.9386235965608,
    "emotion_variance": {
      "1": 0.3543820334214456,
      "2": 0.16992213784067486,
      "3": 0.10170324270348757,
      "4": 0.0918156379329922
    }
  }
}